question,entry,outcome,ret
"MicroStrategy sells any Bitcoin by May 31, 2026?",0.195,0.0,-1.0
Will Zelenskyy wear a suit before July?,0.12,0.0,-1.0
"US x Iran permanent peace deal by June 15, 2026?",0.135,1.0,6.4074074074074066
Kamala Harris wins the popular vote?,0.5705,0.0,-1.0
US government shutdown Saturday?,0.125,1.0,7.0
Will Zohran Mamdani win the 2025 NYC mayoral election?,0.923,1.0,0.08342361863488623
"Russia x Ukraine ceasefire by May 31, 2026?",0.047,0.0,-1.0
Will Aston Villa win the UEFA Champions League?,0.0265,0.0,-1.0
Khamenei out as Supreme Leader of Iran by February 28?,0.029,1.0,33.48275862068965
Will Trump nominate Judy Shelton as the next Fed chair?,0.0365,0.0,-1.0
Will Donald Trump win the popular vote in the 2024 President,0.419,1.0,1.3866348448687353
TikTok banned in the US before May 2025?,0.43,1.0,1.3255813953488373
No change in Fed interest rates after January 2026 meeting?,0.9545,1.0,0.04766893661602922
Fed decreases interest rates by 25 bps after January 2026 me,0.041,0.0,-1.0
Will Japan win the 2026 FIFA World Cup?,0.0215,0.0,-1.0
Will Trump release the Epstein files by December 19?,0.515,1.0,0.941747572815534
Will Lee Jae-myung be elected the next president of South Ko,0.935,1.0,0.06951871657753994
"US x Iran permanent peace deal by May 31, 2026?",0.075,0.0,-1.0
Will Inter Milan win the UEFA Champions League?,0.4105,0.0,-1.0
Will Germany win the 2026 FIFA World Cup?,0.0635,0.0,-1.0
"Will Eleven die in ""Stranger Things: Season 5""?",0.44,0.0,-1.0
Will Netherlands win the 2026 FIFA World Cup?,0.0445,0.0,-1.0
Will there be no change in Fed interest rates after the Apri,0.9485,1.0,0.054296257248286794
Will Trump launch a coin before the election?,0.345,1.0,1.8985507246376816
US forces enter Iran by March 31?,0.375,0.0,-1.0
Russia x Ukraine ceasefire in 2025?,0.0255,0.0,-1.0
Will Kim Moon-soo be elected the next president of South Kor,0.047,0.0,-1.0
Will the LA Clippers win the 2025 NBA Finals?,0.0355,0.0,-1.0
Will Pierre Poilievre be the next Canadian Prime Minister?,0.275,0.0,-1.0
No change in Fed interest rates after September 2025 meeting,0.125,0.0,-1.0
Will Polymarket US go live in 2025?,0.725,1.0,0.3793103448275863
Khamenei out as Supreme Leader of Iran by March 31?,0.165,1.0,5.0606060606060606
Will the Iranian regime fall by March 31?,0.0575,0.0,-1.0
Trump ends Ukraine war in first 90 days?,0.0235,0.0,-1.0
Lighter market cap (FDV) >$1B one day after launch?,0.67,1.0,0.4925373134328357
Fed decreases interest rates by 25 bps after December 2025 m,0.845,1.0,0.18343195266272194
Will Kamala Harris win the 2024 Democratic Presidential Nomi,0.866,1.0,0.15473441108545027
Will there be a US Government shutdown? ,0.0365,1.0,26.397260273972606
Will the Iranian regime fall by April 30?,0.0325,0.0,-1.0
Fed decreases interest rates by 50+ bps after October 2025 m,0.024,0.0,-1.0
Will Lee Jun-seok be elected the next president of South Kor,0.0225,0.0,-1.0
Israel x Iran ceasefire before July? ,0.175,1.0,4.714285714285714
Fed decreases interest rates by 25 bps after October 2025 me,0.935,1.0,0.06951871657753994
US x Venezuela military engagement by December 31?,0.07,0.0,-1.0
Will Nicușor Dan win the Romanian presidential election?,0.305,1.0,2.278688524590164
Fed decreases interest rates by 50+ bps after September 2025,0.046,0.0,-1.0
Khamenei out as Supreme Leader of Iran by January 31?,0.075,0.0,-1.0
"US x Iran permanent peace deal by June 30, 2026?",0.255,1.0,2.9215686274509802
Will Andrew Cuomo win the 2025 NYC mayoral election?,0.066,0.0,-1.0
Iran x Israel/US conflict ends by April 7?,0.043,1.0,22.255813953488374
Will Michelle Obama win the 2024 Democratic Presidential Nom,0.07,0.0,-1.0
Will Bayer Leverkusen win the UEFA Champions League?,0.0335,0.0,-1.0
No change in Fed interest rates after October 2025 meeting?,0.045,0.0,-1.0
No change in Fed interest rates after December 2025 meeting?,0.145,0.0,-1.0
US x Iran ceasefire by March 31?,0.165,0.0,-1.0
"US strikes Iran by January 31, 2026?",0.25,0.0,-1.0
Will Rafał Trzaskowski be the next President of Poland?,0.595,0.0,-1.0
Yoon out as president of South Korea before May?,0.615,1.0,0.6260162601626016
Israel x Hezbollah Ceasefire in 2024?,0.44,1.0,1.272727272727273
Will the Denver Nuggets win the 2025 NBA Finals?,0.033,0.0,-1.0
Will Mark Carney be the next Canadian Prime Minister?,0.725,1.0,0.3793103448275863
Monad market cap (FDV) >$4B one day after launch?,0.495,0.0,-1.0
Maduro out in 2025?,0.0705,0.0,-1.0
Strait of Hormuz traffic returns to normal by end of May?,0.0575,0.0,-1.0
Yoon out as president of South Korea before April?,0.695,0.0,-1.0
Will George Simion win the Romanian presidential election?,0.685,0.0,-1.0
Will Karol Nawrocki be the next President of Poland?,0.405,1.0,1.4691358024691357
U.S. anti-cartel ground operation in Mexico by January 31?,0.072,1.0,12.88888888888889
US military action against Iran before July?,0.045,1.0,21.22222222222222
Will Donald Trump win Nobel Peace Prize in 2025?,0.034,0.0,-1.0
Will Belgium win on 2026-06-15?,0.595,0.0,-1.0
No change in Fed interest rates after July 2025 meeting?,0.961,1.0,0.04058272632674309
Fordow nuclear facility destroyed before July?,0.565,1.0,0.7699115044247788
Will Bitcoin hit $100k in November?,0.395,0.0,-1.0
"Will Trump say ""Iran"" during events with Xi Jinping?",0.725,0.0,-1.0
Will someone else win the 2024 Democratic Presidential Nomin,0.0385,0.0,-1.0
No change in Fed interest rates after June 2025 meeting?,0.971,1.0,0.029866117404737436
Will Kanye launch a coin in February?,0.15,0.0,-1.0
Will Atletico Madrid win the UEFA Champions League?,0.0355,0.0,-1.0
"Russia x Ukraine ceasefire by January 31, 2026?",0.0255,0.0,-1.0
QatarEnergy announces/resumes LNG production in Qatar by Apr,0.615,1.0,0.6260162601626016
Lighter market cap (FDV) >$2B one day after launch?,0.585,1.0,0.7094017094017095
Will Atletico Madrid win the 2025–26 Champions League?,0.116,0.0,-1.0
Will the Los Angeles Lakers win the 2026 NBA Finals?,0.0295,0.0,-1.0
Will Han Duck-soo be the People's Power Party candidate for ,0.034,0.0,-1.0
Fed decreases interest rates by 25 bps after July 2025 meeti,0.0285,0.0,-1.0
No change in Fed interest rates after 2024 September meeting,0.0315,0.0,-1.0
Will Trump create Bitcoin reserve in first 100 days?,0.075,0.0,-1.0
Fed decreases interest rates by 25 bps after June 2025 meeti,0.0235,0.0,-1.0
US forces enter Iran by December 31?,0.63,1.0,0.5873015873015872
Fed decreases interest rates by 25 bps after May 2025 meetin,0.07,0.0,-1.0
Fed decreases interest rates by 25 bps after January 2025 me,0.0295,0.0,-1.0
No change in Fed interest rates after January 2025 meeting?,0.965,1.0,0.0362694300518136
No change in Fed interest rates after May 2025 meeting?,0.905,1.0,0.1049723756906078
US obtains Iranian enriched uranium by May 31?,0.055,0.0,-1.0
Fed rate cut by September 18?,0.969,1.0,0.031991744066047545
Will Netherlands win on 2026-06-14?,0.485,0.0,-1.0
Ethereum all time high in 2024?,0.16,0.0,-1.0
Will the Detroit Pistons win the 2026 NBA Finals?,0.0525,0.0,-1.0
"US x Iran permanent peace deal by June 7, 2026?",0.315,0.0,-1.0
Will Morocco win on 2026-06-24?,0.735,1.0,0.3605442176870748
"US strikes Iran by February 20, 2026?",0.215,0.0,-1.0
Will a Democrat win the popular vote and a Republican win th,0.26,0.0,-1.0
Will AfD win the most seats in the next German election?,0.0705,0.0,-1.0
"US x Iran permanent peace deal by May 15, 2026?",0.085,0.0,-1.0
Strait of Hormuz traffic returns to normal by May 15?,0.031,0.0,-1.0
Will  Zohran Mamdani win the Democratic Primary for Mayor of,0.3805,1.0,1.6281208935611038
Will Andrew Cuomo win the Democratic Primary for Mayor of Ne,0.615,0.0,-1.0
Will a Republican win the popular vote and a Democrat win th,0.0235,0.0,-1.0
Iran x Israel/US conflict ends by April 15?,0.19,1.0,4.2631578947368425
Kharg Island no longer under Iranian control by April 30?,0.295,0.0,-1.0
Spread: Morocco (-1.5),0.455,1.0,1.1978021978021975
Fed decreases interest rates by 25 bps after March 2025 meet,0.0455,0.0,-1.0
No change in Fed interest rates after March 2025 meeting?,0.938,1.0,0.06609808102345416
Russia x Ukraine ceasefire before July?,0.024,0.0,-1.0
"Israel strikes Iran by January 31, 2026?",0.205,0.0,-1.0
Will Morocco win on 2026-06-19?,0.495,1.0,1.0202020202020203
Will Israel invade Syria in 2024?,0.1915,1.0,4.221932114882507
